"Data Source","World Development Indicators",

"Last Updated Date","2020-07-01",

"Country Name","Country Code","Indicator Name","Indicator Code","1960","1961","1962","1963","1964","1965","1966","1967","1968","1969","1970","1971","1972","1973","1974","1975","1976","1977","1978","1979","1980","1981","1982","1983","1984","1985","1986","1987","1988","1989","1990","1991","1992","1993","1994","1995","1996","1997","1998","1999","2000","2001","2002","2003","2004","2005","2006","2007","2008","2009","2010","2011","2012","2013","2014","2015","2016","2017","2018","2019",
"Aruba","ABW","Literacy rate, adult total (% of people ages 15 and above)","SE.ADT.LITR.ZS","","","","","","","","","","","","","","","","","","","","","","","","","","","","","","","","","","","","","","","","","97.29125","","","","","","","","","","96.82264","","","","","","","","97.80742","",
"Afghanistan","AFG","Literacy rate, adult total (% of people ages 15 and above)","SE.ADT.LITR.ZS","","","","","","","","","","","","","","","","","","","","18.15768","","","","","","","","","","","","","","","","","","","","","","","","","","","","","","","","31.74112","","","","","","","43.01972","",
"Angola","AGO","Literacy rate, adult total (% of people ages 15 and above)","SE.ADT.LITR.ZS","","","","","","","","","","","","","","","","","","","","","","","","","","","","","","","","","","","","","","","","","","67.40542","","","","","","","","","","","","","66.03011","","","","","",
"Albania","ALB","Literacy rate, adult total (% of people ages 15 and above)","SE.ADT.LITR.ZS","","","","","","","","","","","","","","","","","","","","","","","","","","","","","","","","","","","","","","","","","","98.71298","","","","","","","95.93864","","","96.8453","97.24697","","","","","","98.14115","",
"Andorra","AND","Literacy rate, adult total (% of people ages 15 and above)","SE.ADT.LITR.ZS","","","","","","","","","","","","","","","","","","","","","","","","","","","","","","","","","","","","","","","","","","","","","","","","","","","","","","","","","","","","",
"Arab World","ARB","Literacy rate, adult total (% of people ages 15 and above)","SE.ADT.LITR.ZS","","","","","","","","","","","","","","","","","","","47.17525","47.6514","48.19098","48.72034","49.3128","49.46091","50.22212","51.00671","51.92481","52.47987","53.43742","54.30371","55.22865","56.30249","57.21008","57.90468","58.71621","59.68523","61.15468","61.91185","63.11762","64.17577","65.11593","66.33673","67.52147","70.18776","71.17532","71.75142","69.65244","70.13626","71.08016","69.80552","70.76441","72.59386","73.7217","73.94749","74.61962","75.11764","73.69399","74.47393","74.5966","",
"United Arab Emirates","ARE","Literacy rate, adult total (% of people ages 15 and above)","SE.ADT.LITR.ZS","","","","","","","","","","","","","","","","53.51488","","","","","","","","","","71.2353","","","","","","","","","","","","","","","","","","","","90.03385","","","","","","","","","","93.22714","","","","",
"Argentina","ARG","Literacy rate, adult total (% of people ages 15 and above)","SE.ADT.LITR.ZS","","","","","","","","","","","","","","","","","","","","","93.91286","","","","","","","","","","","96.1282","","","","","","","","","","97.19331","","","","","98.6108","","","98.98342","98.95497","99.10833","99.10523","99.12195","98.99389","99.17996","99.12501","","99.00387","",
"Armenia","ARM","Literacy rate, adult total (% of people ages 15 and above)","SE.ADT.LITR.ZS","","","","","","","","","","","","","","","","","","","","","","","","","","","","","","98.75196","","","","","","","","","","","","99.40016","","","","","","","","","","99.74441","","","","","","99.73607","","",
"American Samoa","ASM","Literacy rate, adult total (% of people ages 15 and above)","SE.ADT.LITR.ZS","","","","","","","","","","","","","","","","","","","","","97.34416","","","","","","","","","","","","","","","","","","","","","","","","","","","","","","","","","","","","","","","",
"Antigua and Barbuda","ATG","Literacy rate, adult total (% of people ages 15 and above)","SE.ADT.LITR.ZS","","","","","","","","","","","","","","","","","","","","","","","","","","","","","","","","","","","","","","","","","","98.95","","","","","","","","","","98.95","","","","98.95","","","","",
"Australia","AUS","Literacy rate, adult total (% of people ages 15 and above)","SE.ADT.LITR.ZS","","","","","","","","","","","","","","","","","","","","","","","","","","","","","","","","","","","","","","","","","","","","","","","","","","","","","","","","","","","","",
"Austria","AUT","Literacy rate, adult total (% of people ages 15 and above)","SE.ADT.LITR.ZS","","","","","","","","","","","","","","","","","","","","","","","","","","","","","","","","","","","","","","","","","","","","","","","","","","","","","","","","","","","","",
"Azerbaijan","AZE","Literacy rate, adult total (% of people ages 15 and above)","SE.ADT.LITR.ZS","","","","","","","","","","","","","","","","","","","","","","","","","","","","","","","","","","","","","","","","98.7918","","","","","","","","99.60191","","99.75984","99.77114","99.77863","99.77577","99.78936","99.78899","99.78806","99.79006","99.79123","","",
"Burundi","BDI","Literacy rate, adult total (% of people ages 15 and above)","SE.ADT.LITR.ZS","","","","","","","","","","","","","","","","","","","","22.50855","","","","","","","","","","","37.38472","","","","","","","","","","59.30362","","","","","","","","48.08406","","","","","","61.56973","","","68.37533","","",
"Belgium","BEL","Literacy rate, adult total (% of people ages 15 and above)","SE.ADT.LITR.ZS","","","","","","","","","","","","","","","","","","","","","","","","","","","","","","","","","","","","","","","","","","","","","","","","","","","","","","","","","","","","",
"Benin","BEN","Literacy rate, adult total (% of people ages 15 and above)","SE.ADT.LITR.ZS","","","","","","","","","","","","","","","","","","","","16.48279","","","","","","","","","","","","","27.24525","","","","","","","","","","34.65785","","","","28.70211","","","","","","32.94882","","","","","","42.3624","",
"Burkina Faso","BFA","Literacy rate, adult total (% of people ages 15 and above)","SE.ADT.LITR.ZS","","","","","","","","","","","","","","","","8.68515","","","","","","","","","","","","","","","","13.56923","","","","","12.84817","","","","","","","21.82292","","23.55372","22.47258","28.72921","","","","","","","34.5994","","","","41.22445","",
"Bangladesh","BGD","Literacy rate, adult total (% of people ages 15 and above)","SE.ADT.LITR.ZS","","","","","","","","","","","","","","","","","","","","","","29.22723","","","","","","","","","","35.3193","","","","","","","","","","47.4855","","","","","","46.6636","","","","58.76918","57.86075","61.01554","61.0933","65.13733","72.75872","72.89297","73.9122","",
"Bulgaria","BGR","Literacy rate, adult total (% of people ages 15 and above)","SE.ADT.LITR.ZS","","","","","","","","","","","","","","","","","","","","","","","","","","","","","","","","","","","","","","","","","","98.20356","","","","","","","","","","98.35245","","","","","","","","",
"Bahrain","BHR","Literacy rate, adult total (% of people ages 15 and above)","SE.ADT.LITR.ZS","","","","","","","","","","","","","","","","","","","","","","69.75351","","","","","","","","","","84.01383","","","","","","","","","","86.54874","","","","","","","","","90.9774","","","","","","97.06668","97.40389","97.46419","",
"Bahamas, The","BHS","Literacy rate, adult total (% of people ages 15 and above)","SE.ADT.LITR.ZS","","","","","","","","","","","","","","","","","","","","","","","","","","","","","","","","","","","","","","","","","","","","","","","","","","","","","","","","","","","","",
"Bosnia and Herzegovina","BIH","Literacy rate, adult total (% of people ages 15 and above)","SE.ADT.LITR.ZS","","","","","","","","","","","","","","","","","","","","","","","","","","","","","","","","89.06359","","","","","","","","","96.6631","","","","","","","","","","","98.14204","","96.99177","","","","","","",
"Belarus","BLR","Literacy rate, adult total (% of people ages 15 and above)","SE.ADT.LITR.ZS","","","","","","","","","","","","","","","","","","","","","","","","","","","","","","97.88337","","","","","","","","","","99.59073","","","","","","","","","","99.61706","","","","","","","","","99.75656","",
"Belize","BLZ","Literacy rate, adult total (% of people ages 15 and above)","SE.ADT.LITR.ZS","","","","","","","","","","","","","","","","","","","","","","","","","","","","","","","","70.29842","","","","","","","","","","","","","","","","","","","","","","","","","","","","",
"Bermuda","BMU","Literacy rate, adult total (% of people ages 15 and above)","SE.ADT.LITR.ZS","","","","","","","","","","","","","","","","","","","","","","","","","","","","","","","","","","","","","","","","","","","","","","","","","","","","","","","","","","","","",
"Bolivia","BOL","Literacy rate, adult total (% of people ages 15 and above)","SE.ADT.LITR.ZS","","","","","","","","","","","","","","","","","63.20815","","","","","","","","","","","","","","","","79.99177","","","","","","","","","86.72367","","","","","","90.74347","90.69811","91.16783","","92.22615","94.46057","","","92.45508","","","","",
"Brazil","BRA","Literacy rate, adult total (% of people ages 15 and above)","SE.ADT.LITR.ZS","","","","","","","","","","","","","","","","","","","","","74.58673","","","","","","","","","","","","","","","","","","","","86.36788","","","","88.61624","","89.61523","90.00937","90.03662","90.29821","90.37918","91.41124","91.33785","91.48424","91.72943","92.0479","92.80844","93.07582","93.2275","",
"Barbados","BRB","Literacy rate, adult total (% of people ages 15 and above)","SE.ADT.LITR.ZS","","","","","","","","","","","99.26808","","","","","","","","","","","","","","99.6","","","","","","","","","","99.6","","","","","","","","","","99.6","","","","","","","","","","99.6","","","","","",
"Brunei Darussalam","BRN","Literacy rate, adult total (% of people ages 15 and above)","SE.ADT.LITR.ZS","","","","","","","","","","","","","","","","","","","","","","77.7355","","","","","","","","","","87.80418","","","","","","","","","","92.67113","","","","","","","","","","96.08556","","","","","","","97.21411","",
"Bhutan","BTN","Literacy rate, adult total (% of people ages 15 and above)","SE.ADT.LITR.ZS","","","","","","","","","","","","","","","","","","","","","","","","","","","","","","","","","","","","","","","","","","","","","","52.81469","","","","","","","57.0336","","","","","66.56115","","",
"Botswana","BWA","Literacy rate, adult total (% of people ages 15 and above)","SE.ADT.LITR.ZS","","","","","","","","","","","","","","","","","","","","","","","","","","","","","","","","68.58091","","","","","","","","","","","","81.18871","","","","","","","","","","86.82318","","","","","","",
"Central African Republic","CAF","Literacy rate, adult total (% of people ages 15 and above)","SE.ADT.LITR.ZS","","","","","","","","","","","","","","","","18.23617","","","","","","","","","","","","","33.62442","","","","","","","","","","","","50.64517","","","","","","","","","","36.75261","","","","","","","","37.39582","",
"Canada","CAN","Literacy rate, adult total (% of people ages 15 and above)","SE.ADT.LITR.ZS","","","","","","","","","","","","","","","","","","","","","","","","","","","","","","","","","","","","","","","","","","","","","","","","","","","","","","","","","","","","",
"Central Europe and the Baltics","CEB","Literacy rate, adult total (% of people ages 15 and above)","SE.ADT.LITR.ZS","","","","","","","","","","","","","","","","","","","","","","","97.98486","98.009","98.04586","98.0775","98.10278","98.13769","98.03419","98.09084","98.15051","98.19687","98.2471","98.28861","98.33435","98.37999","98.41967","98.45885","98.54362","98.47383","98.50943","98.53638","98.56638","98.58282","98.60522","98.62831","98.63604","98.6545","98.69249","98.89841","98.91732","98.93486","98.9454","98.95481","98.96629","98.97773","98.99005","","","",
"Switzerland","CHE","Literacy rate, adult total (% of people ages 15 and above)","SE.ADT.LITR.ZS","","","","","","","","","","","","","","","","","","","","","","","","","","","","","","","","","","","","","","","","","","","","","","","","","","","","","","","","","","","","",
"Channel Islands","CHI","Literacy rate, adult total (% of people ages 15 and above)","SE.ADT.LITR.ZS","","","","","","","","","","","","","","","","","","","","","","","","","","","","","","","","","","","","","","","","","","","","","","","","","","","","","","","","","","","","",
"Chile","CHL","Literacy rate, adult total (% of people ages 15 and above)","SE.ADT.LITR.ZS","","","","","","","","","","","","","","","","","","","","","","","91.1284","","","","","","","","","","94.29114","","","","","","","","","","95.71662","","","","","","98.64901","98.55368","","96.70301","","96.26706","","96.87413","","96.40228","","",
"China","CHN","Literacy rate, adult total (% of people ages 15 and above)","SE.ADT.LITR.ZS","","","","","","","","","","","","","","","","","","","","","","","65.50509","","","","","","","","77.78506","","","","","","","","","","90.92021","","","","","","","","","","95.12448","","","","","","","","96.84089","",
"Cote d'Ivoire","CIV","Literacy rate, adult total (% of people ages 15 and above)","SE.ADT.LITR.ZS","","","","","","","","","","","","","","","","","","","","","","","","","","","","","34.13928","","","","","","","","","","36.35024","","48.74076","","","","","","","","","","","","40.98163","","43.90842","","","","47.16535","",
"Cameroon","CMR","Literacy rate, adult total (% of people ages 15 and above)","SE.ADT.LITR.ZS","","","","","","","","","","","","","","","","","41.21621","","","","","","","","","","","","","","","","","","","","","","","","68.40916","","","","","","","70.67994","","","71.29051","","","","","","","","77.07104","",
"Congo, Dem. Rep.","COD","Literacy rate, adult total (% of people ages 15 and above)","SE.ADT.LITR.ZS","","","","","","","","","","","","","","","","","","","","","","","","","","","","","","","","","","","","","","","","","","67.17299","","","","","","61.20555","","","","","75.01719","","","","77.04268","","","",
"Congo, Rep.","COG","Literacy rate, adult total (% of people ages 15 and above)","SE.ADT.LITR.ZS","","","","","","","","","","","","","","","","","","","","","","","","","","","","","","","","","","","","","","","","","","","","","","","","","","","","79.31117","","","","","","","80.29876","",
"Colombia","COL","Literacy rate, adult total (% of people ages 15 and above)","SE.ADT.LITR.ZS","","","","","","","","","","","","","","","","","","","","","","","","","","","","","","","","","","91.06309","","","91.20716","","","","","","","","92.80378","92.84866","92.29968","92.65179","93.37818","93.24469","93.37233","93.58053","","","94.18625","94.24505","94.65385","","95.09251","",
"Comoros","COM","Literacy rate, adult total (% of people ages 15 and above)","SE.ADT.LITR.ZS","","","","","","","","","","","","","","","","","","","","","47.91923","","","","","","","","","","","","","","","","","","","","68.48923","","","","","","","","","","","","49.19614","","","","","","58.81702","",
"Cabo Verde","CPV","Literacy rate, adult total (% of people ages 15 and above)","SE.ADT.LITR.ZS","","","","","","","","","","","","","","","","","","","","","","","","","","","","","","","62.79686","","","","","","","","","","76.11044","","","","","","","","","","","","85.32779","","","86.79029","","","","",
"Costa Rica","CRI","Literacy rate, adult total (% of people ages 15 and above)","SE.ADT.LITR.ZS","","","","","","","","","","","","","","","","","","","","","","","","","92.62904","","","","","","","","","","","","","","","","94.86819","","","","","","","","","","","97.40658","","","","","","","97.86379","",
"Caribbean small states","CSS","Literacy rate, adult total (% of people ages 15 and above)","SE.ADT.LITR.ZS","","","","","","","","","","","","","","","","","","","","","","","","","","","","","","","","","","86.24558","86.29177","86.55713","86.80342","87.05032","87.29929","86.98089","87.82008","88.10883","88.37471","88.62844","88.88196","89.16519","89.33988","89.92344","90.16816","90.37498","90.60098","90.79542","90.80851","90.8723","91.0397","91.12809","","","","",
"Cuba","CUB","Literacy rate, adult total (% of people ages 15 and above)","SE.ADT.LITR.ZS","","","","","","","","","","","","","","","","","","","","","","97.84665","","","","","","","","","","","","","","","","","","","","","99.79907","","","","","","","","","","99.75253","","","","","","","",
"Curacao","CUW","Literacy rate, adult total (% of people ages 15 and above)","SE.ADT.LITR.ZS","","","","","","","","","","","","","","","","","","","","","","","","","","","","","","","","","","","","","","","","","","","","","","","","","","","","","","","","","","","","",
"Cayman Islands","CYM","Literacy rate, adult total (% of people ages 15 and above)","SE.ADT.LITR.ZS","","","","","","","","","","","","","","","","","","","","","","","","","","","","","","","","","","","","","","","","","","","","","","","","98.86782","","","","","","","","","","","","",
"Cyprus","CYP","Literacy rate, adult total (% of people ages 15 and above)","SE.ADT.LITR.ZS","","","","","","","","","","","","","","","","","","","","","","","","","","","","","","","","","94.36247","","","","","","","","","96.80363","","","","","","","","","","98.67843","","","","","","","","",
"Czech Republic","CZE","Literacy rate, adult total (% of people ages 15 and above)","SE.ADT.LITR.ZS","","","","","","","","","","","","","","","","","","","","","","","","","","","","","","","","","","","","","","","","","","","","","","","","","","","","","","","","","","","","",
"Germany","DEU","Literacy rate, adult total (% of people ages 15 and above)","SE.ADT.LITR.ZS","","","","","","","","","","","","","","","","","","","","","","","","","","","","","","","","","","","","","","","","","","","","","","","","","","","","","","","","","","","","",
"Djibouti","DJI","Literacy rate, adult total (% of people ages 15 and above)","SE.ADT.LITR.ZS","","","","","","","","","","","","","","","","","","","","","","","","","","","","","","","","","","","","","","","","","","","","","","","","","","","","","","","","","","","","",
"Dominica","DMA","Literacy rate, adult total (% of people ages 15 and above)","SE.ADT.LITR.ZS","","","","","","","","","","","","","","","","","","","","","","","","","","","","","","","","","","","","","","","","","","","","","","","","","","","","","","","","","","","","",
"Denmark","DNK","Literacy rate, adult total (% of people ages 15 and above)","SE.ADT.LITR.ZS","","","","","","","","","","","","","","","","","","","","","","","","","","","","","","","","","","","","","","","","","","","","","","","","","","","","","","","","","","","","",
"Dominican Republic","DOM","Literacy rate, adult total (% of people ages 15 and above)","SE.ADT.LITR.ZS","","","","","","","","","","","","","","","","","","","","","","73.06457","","","","","","","","","","","","","","","","","","","","","86.99647","","","","","88.24446","","","89.53873","90.10638","90.15518","90.85815","91.76376","91.99121","93.77846","","","",
"Algeria","DZA","Literacy rate, adult total (% of people ages 15 and above)","SE.ADT.LITR.ZS","","","","","","","","","","","","","","","","","","","","","","","","","","","","49.63088","","","","","","","","","","","","","","","69.8735","","","","72.64868","","75.13605","","","","","","","","","","81.40784","",
"East Asia & Pacific (excluding high income)","EAP","Literacy rate, adult total (% of people ages 15 and above)","SE.ADT.LITR.ZS","","","","","","","","","","","","","","","","","63.85319","64.02174","65.13854","66.29557","66.81149","68.50622","69.36495","70.66796","71.71429","72.71467","73.64244","74.88021","79.2214","79.91347","79.78829","81.07844","81.5922","82.06098","82.6045","83.14112","83.67757","89.3178","89.68923","90.02454","90.55639","90.79418","91.17563","91.55072","92.09281","92.46091","92.88403","93.9615","94.20285","94.5054","94.60775","94.45593","94.67794","94.77902","95.19566","95.40914","95.52339","95.72633","95.86556","",
"Early-demographic dividend","EAR","Literacy rate, adult total (% of people ages 15 and above)","SE.ADT.LITR.ZS","","","","","","","","","","","","","","","","48.98603","49.2012","49.82176","50.44059","51.03562","51.10604","51.87764","52.82164","53.43306","54.22086","54.87205","55.491","56.3762","57.11584","57.79944","58.65627","59.13958","60.16296","60.949","61.74476","62.53832","63.2736","63.934","66.96062","67.57348","68.25006","68.67834","69.37349","70.40603","71.19556","71.10225","71.24558","72.19948","73.28024","74.12977","75.28231","75.28606","75.91448","76.49256","77.23448","77.95227","78.57369","79.01262","79.35073","",
"East Asia & Pacific","EAS","Literacy rate, adult total (% of people ages 15 and above)","SE.ADT.LITR.ZS","","","","","","","","","","","","","","","","","65.75903","65.95391","66.98686","68.05797","68.51948","70.11669","70.87751","72.06401","73.02135","73.93725","74.78719","75.96392","79.86816","80.51106","80.41609","81.58446","82.05791","82.48622","83.00355","83.5124","84.02238","89.07652","89.43336","89.79081","90.31353","90.52139","90.90913","91.30444","91.86688","92.24886","92.67141","93.66029","93.93316","94.225","94.26817","94.07541","94.31349","94.42047","94.91781","95.13715","95.25384","95.46465","95.6076","",
"Europe & Central Asia (excluding high income)","ECA","Literacy rate, adult total (% of people ages 15 and above)","SE.ADT.LITR.ZS","","","","","","","","","","","","","","","","","","","","","","","","93.70716","94.50653","94.76066","94.85047","95.02376","95.20906","95.33103","95.56945","95.60776","95.73018","95.85116","95.9709","96.09277","96.27173","96.38321","96.70797","96.77288","96.88841","96.96607","97.05273","97.12627","97.29123","97.49431","97.45813","97.55349","97.55825","98.08685","98.38939","98.6356","98.76158","98.81141","98.84282","98.87197","98.98786","98.96444","99.0011","",
"Europe & Central Asia","ECS","Literacy rate, adult total (% of people ages 15 and above)","SE.ADT.LITR.ZS","","","","","","","","","","","","","","","","","","","","","","","","","","","","","","","","","","","95.67311","95.8122","95.97373","96.09993","96.35246","96.46464","96.58328","96.66436","96.80673","96.89123","96.98104","96.97741","97.13384","97.13419","97.24844","97.41671","97.58114","97.89486","97.99824","98.06956","98.11637","98.16487","98.25469","98.27194","98.33417","",
"Ecuador","ECU","Literacy rate, adult total (% of people ages 15 and above)","SE.ADT.LITR.ZS","","","","","","","","","","","","","","","","","","","","","","","83.55269","","","","","","","","88.29876","","","","","","","","","","","90.98403","","","","","","92.09679","92.39005","92.24976","91.85404","91.5869","92.06473","93.29463","94.22264","94.45566","94.35023","92.82979","","",
"Egypt, Arab Rep.","EGY","Literacy rate, adult total (% of people ages 15 and above)","SE.ADT.LITR.ZS","","","","","","","","","","","","","","","","","38.19676","","","","","","","","","","44.42399","","","","","","","","","","55.587","","","","","","","","","71.37363","66.36991","","","","72.04785","","73.86559","75.06073","","","","71.16825","","",
"Euro area","EMU","Literacy rate, adult total (% of people ages 15 and above)","SE.ADT.LITR.ZS","","","","","","","","","","","","","","","","","","","","","","","","","","","","","","","","","","","","","","","","","","","","","","","","","","","","","","","","","","","","",
"Eritrea","ERI","Literacy rate, adult total (% of people ages 15 and above)","SE.ADT.LITR.ZS","","","","","","","","","","","","","","","","","","","","","","","","","","","","","","","","","","","","","","","","","","","52.51395","","","","","","64.66297","","","","","","","","","","76.57052","",
"Spain","ESP","Literacy rate, adult total (% of people ages 15 and above)","SE.ADT.LITR.ZS","","","","","","","","","","","","","","","","","","","","","","92.80977","","","","","","","","","","96.49497","","","","","","","","","","","","","97.16512","97.75069","","97.93884","97.63061","97.67927","97.7489","97.78375","97.89454","98.07913","98.09372","98.14326","98.25051","","98.4365","",
"Estonia","EST","Literacy rate, adult total (% of people ages 15 and above)","SE.ADT.LITR.ZS","","","","","","","","","","","","","","","","","","","","","","","","","","","","","","99.72644","","","","","","","","","","","99.7672","","","","","","","","","","","99.88579","","","","","","","","",
"Ethiopia","ETH","Literacy rate, adult total (% of people ages 15 and above)","SE.ADT.LITR.ZS","","","","","","","","","","","","","","","","","","","","","","","","","","","","","","","","","","","27.01136","","","","","","","","","","35.9","29.82034","","38.99598","","","","","","","","","","51.77118","","",
"European Union","EUU","Literacy rate, adult total (% of people ages 15 and above)","SE.ADT.LITR.ZS","","","","","","","","","","","","","","","","","","","","","","","","","","","","","","","","","","","","","","","","","","","","","","","","","","","","","","","","","","","","",
"Fragile and conflict affected situations","FCS","Literacy rate, adult total (% of people ages 15 and above)","SE.ADT.LITR.ZS","","","","","","","","","","","","","","","","","","","","","","","","","","","55.12725","55.72337","56.22288","56.47195","56.93337","57.12298","57.30622","57.54092","58.45649","58.96649","59.50375","60.36545","61.23717","61.79219","62.63916","63.49874","64.2841","64.4421","64.87568","65.08939","63.21735","63.49915","63.09913","61.12037","61.55183","61.16862","61.36252","61.16073","61.86611","62.22513","62.50688","63.33","63.75516","",
"Finland","FIN","Literacy rate, adult total (% of people ages 15 and above)","SE.ADT.LITR.ZS","","","","","","","","","","","","","","","","","","","","","","","","","","","","","","","","","","","","","","","","","","","","","","","","","","","","","","","","","","","","",
"Fiji","FJI","Literacy rate, adult total (% of people ages 15 and above)","SE.ADT.LITR.ZS","","","","","","","","","","","","","","","","","","","","","","","","","","","","","","","","","","","","","92.94289","","","","","","","","","","","","","","","","","","","","","99.08211","","",
"France","FRA","Literacy rate, adult total (% of people ages 15 and above)","SE.ADT.LITR.ZS","","","","","","","","","","","","","","","","","","","","","","","","","","","","","","","","","","","","","","","","","","","","","","","","","","","","","","","","","","","","",
"Faroe Islands","FRO","Literacy rate, adult total (% of people ages 15 and above)","SE.ADT.LITR.ZS","","","","","","","","","","","","","","","","","","","","","","","","","","","","","","","","","","","","","","","","","","","","","","","","","","","","","","","","","","","","",
"Micronesia, Fed. Sts.","FSM","Literacy rate, adult total (% of people ages 15 and above)","SE.ADT.LITR.ZS","","","","","","","","","","","","","","","","","","","","","","","","","","","","","","","","","","","","","","","","","","","","","","","","","","","","","","","","","","","","",
"Gabon","GAB","Literacy rate, adult total (% of people ages 15 and above)","SE.ADT.LITR.ZS","","","","","","","","","","","","","","","","","","","","","","","","","","","","","","","","","","72.23367","","","","","","","","","","","","","","","","","","","82.2838","","","","","","84.66716","",
"United Kingdom","GBR","Literacy rate, adult total (% of people ages 15 and above)","SE.ADT.LITR.ZS","","","","","","","","","","","","","","","","","","","","","","","","","","","","","","","","","","","","","","","","","","","","","","","","","","","","","","","","","","","","",
"Georgia","GEO","Literacy rate, adult total (% of people ages 15 and above)","SE.ADT.LITR.ZS","","","","","","","","","","","","","","","","","","","","","","","","","","","","","","","","","","","","","","","","","","","99.65235","","","","","","","","","","","","99.58619","","","99.36426","","",
"Ghana","GHA","Literacy rate, adult total (% of people ages 15 and above)","SE.ADT.LITR.ZS","","","","","","","","","","","","","","","","","","","","","","","","","","","","","","","","","","","","","","","","","57.89747","","","","","","","","","","71.49707","","","","","","","","79.03964","",
"Gibraltar","GIB","Literacy rate, adult total (% of people ages 15 and above)","SE.ADT.LITR.ZS","","","","","","","","","","","","","","","","","","","","","","","","","","","","","","","","","","","","","","","","","","","","","","","","","","","","","","","","","","","","",
"Guinea","GIN","Literacy rate, adult total (% of people ages 15 and above)","SE.ADT.LITR.ZS","","","","","","","","","","","","","","","","","","","","","","","","","","","","","","","","","","","","","20.55375","","","","","","","29.70402","","","","","","","25.30774","","","","32.00384","","","","","",
"Gambia, The","GMB","Literacy rate, adult total (% of people ages 15 and above)","SE.ADT.LITR.ZS","","","","","","","","","","","","","","","","","","","","","","","","","","","","","","","","","","","","","","","","","36.81773","","","","","","","","","","","","","41.95005","","50.77797","","","","",
"Guinea-Bissau","GNB","Literacy rate, adult total (% of people ages 15 and above)","SE.ADT.LITR.ZS","","","","","","","","","","","","","","","","","","","","19.95825","","","","","","","","","","","","","","","","","","","","","41.35777","","","","","","","","","","","","","","45.58116","","","","","",
"Equatorial Guinea","GNQ","Literacy rate, adult total (% of people ages 15 and above)","SE.ADT.LITR.ZS","","","","","","","","","","","","","","","","","","","","","","","","","","","","","","","","","","","","","","","","","88.3083","","","","","","","","","","94.37054","","","","","","","","","",
"Greece","GRC","Literacy rate, adult total (% of people ages 15 and above)","SE.ADT.LITR.ZS","","","","","","","","","","","","","","","","","","","","","","90.51232","","","","","","","","","","92.61045","","","","","","","","","","95.99436","","","","93.04431","","93.93155","","93.90511","","97.36874","","","","","","","97.93595","",
"Grenada","GRD","Literacy rate, adult total (% of people ages 15 and above)","SE.ADT.LITR.ZS","","","","","","","","","","","97.79447","","","","","","","","","","","","","","98.6","","","","","","","","","","98.6","","","","","","","","","","98.6","","","","","","","","","","98.6","","","","","",
"Greenland","GRL","Literacy rate, adult total (% of people ages 15 and above)","SE.ADT.LITR.ZS","","","","","","","","","","","","","","","","","","","","","","","","","","","","","","","","","","","","","","","","","","","","","","","","","","","","","","","","","","","","",
"Guatemala","GTM","Literacy rate, adult total (% of people ages 15 and above)","SE.ADT.LITR.ZS","","","","","","","","","","","","","","","","","","","","","","","","","","","","","","","","","","","64.21164","","","","","","","","69.10173","","","","","","","","","","78.26486","77.03867","81.2859","","","","","",
"Guam","GUM","Literacy rate, adult total (% of people ages 15 and above)","SE.ADT.LITR.ZS","","","","","","","","","","","","","","","","","","","","","96.42065","","","","","","","","","","99.36915","","","","","","","","","","","","","","","","","","","","","","","","","","","","","",
"Guyana","GUY","Literacy rate, adult total (% of people ages 15 and above)","SE.ADT.LITR.ZS","","","","","","","","","","","","","","","","","","","","","","","","","","","","","","","","","","","","","","","","","","","","","","","","","","84.99401","","","","","85.63973","","","","","",
"High income","HIC","Literacy rate, adult total (% of people ages 15 and above)","SE.ADT.LITR.ZS","","","","","","","","","","","","","","","","","","","","","","","","","","","","","","","","","","","","","","","","","","","","","","","","","","","","","","","","","","","","",
"Hong Kong SAR, China","HKG","Literacy rate, adult total (% of people ages 15 and above)","SE.ADT.LITR.ZS","","","","","","","","","","","","","","","","","","","","","","","","","","","","","","","","","","","","","","","","","","","","","","","","","","","","","","","","","","","","",
"Honduras","HND","Literacy rate, adult total (% of people ages 15 and above)","SE.ADT.LITR.ZS","","","","","","","","","","","","","","","","","","","","","","","","","","","","","","","","","","","","","","","","","","80.01103","","","","","","83.58899","","","84.75536","85.1233","85.35555","85.46442","87.19753","87.90683","88.98748","","87.20524","",
"Heavily indebted poor countries (HIPC)","HPC","Literacy rate, adult total (% of people ages 15 and above)","SE.ADT.LITR.ZS","","","","","","","","","","","","","","","","","","","","","","","","","","","44.05309","44.61979","44.95066","45.55665","46.10428","46.34483","46.62603","46.98824","47.58089","47.5552","48.05526","48.89208","49.59176","50.39509","51.1195","52.00061","52.46755","53.30905","55.1549","54.37788","53.23856","54.59339","54.11573","54.78146","55.25037","57.37312","58.83455","59.04499","59.90768","60.39487","61.19566","62.12908","62.6266","",
"Croatia","HRV","Literacy rate, adult total (% of people ages 15 and above)","SE.ADT.LITR.ZS","","","","","","","","","","","","","","","","","","","","","","","","","","","","","","","","96.70155","","","","","","","","","","98.14668","","","","","","","","","","99.12536","","","","","","","","",
"Haiti","HTI","Literacy rate, adult total (% of people ages 15 and above)","SE.ADT.LITR.ZS","","","","","","","","","","","","","","","","","","","","","","","34.73469","","","","","","","","","","","","","","","","","","","","","58.7439","","","48.68502","","","","","","","","","","61.69135","","","",
"Hungary","HUN","Literacy rate, adult total (% of people ages 15 and above)","SE.ADT.LITR.ZS","","","","","","","","","","","","","","","","","","","","","98.85829","","","","","","","","","","","","","","","","","","","","","","","","","","","","","","","","","","99.1","","","","","",
"IBRD only","IBD","Literacy rate, adult total (% of people ages 15 and above)","SE.ADT.LITR.ZS","","","","","","","","","","","","","","","","61.82381","61.99391","62.34214","63.15572","63.96286","64.47822","65.38547","66.22317","67.11999","67.98512","68.76293","69.49056","70.35496","72.72099","73.36379","73.69135","74.4686","75.06154","75.55524","76.0414","76.55655","77.09179","80.03015","81.60512","81.98215","82.47143","82.71736","83.14941","83.81764","84.3098","84.409","84.40248","85.47662","85.83153","86.23974","86.82038","87.17826","87.51869","87.73278","88.12764","88.43664","88.5859","88.8029","89.05044","",
"IDA & IBRD total","IBT","Literacy rate, adult total (% of people ages 15 and above)","SE.ADT.LITR.ZS","","","","","","","","","","","","","","","","58.77996","58.93246","59.26703","59.98916","60.70854","61.18629","61.97567","62.73417","63.53648","64.32014","65.03215","65.69704","66.50503","68.61129","69.24124","69.61347","70.29566","70.90307","71.42204","71.92733","72.41318","72.94277","75.46574","76.95461","77.3609","77.6266","77.93465","78.38664","79.03126","79.64651","79.63095","79.57725","80.31774","80.76908","81.17484","81.67029","81.93721","82.35303","82.56062","82.97848","83.34816","83.71072","83.98566","84.19382","",
"IDA total","IDA","Literacy rate, adult total (% of people ages 15 and above)","SE.ADT.LITR.ZS","","","","","","","","","","","","","","","","","","","","","","44.85261","45.2134","45.54109","45.91562","46.29722","46.64706","47.17176","47.97352","48.53894","49.13544","49.53294","50.40178","51.23949","52.04851","52.62283","53.27152","54.03757","55.36163","56.12843","55.57558","56.36352","57.07751","57.78038","59.11865","58.80805","58.75864","58.31108","59.43962","60.10617","60.52087","60.68527","61.67557","62.12955","62.91562","63.80264","65.25168","66.01621","66.35453","",
"IDA blend","IDB","Literacy rate, adult total (% of people ages 15 and above)","SE.ADT.LITR.ZS","","","","","","","","","","","","","","","","","","","","","48.53673","48.64509","49.09452","49.41879","49.7345","50.05503","50.37521","51.02966","51.69567","52.22786","52.90594","53.7566","55.33506","56.98726","57.74591","58.49119","59.33004","60.09955","61.05289","61.65975","58.67018","59.58352","60.24883","60.85047","62.04367","61.44799","62.32202","61.57182","61.691","62.59484","63.029","63.09089","64.44268","64.31306","65.15158","65.56207","66.23999","67.07135","67.0462","",
"Indonesia","IDN","Literacy rate, adult total (% of people ages 15 and above)","SE.ADT.LITR.ZS","","","","","","","","","","","","","","","","","","","","","67.31267","","","","","","","","","","81.51985","","","","","","","","","","","","","","90.38479","","91.98227","","92.1923","92.5817","","92.81191","","","95.11622","95.21793","95.37697","","95.65856","",
"IDA only","IDX","Literacy rate, adult total (% of people ages 15 and above)","SE.ADT.LITR.ZS","","","","","","","","","","","","","","","","","","","","","","","43.1989","43.52835","43.93342","44.34672","44.71195","45.16931","46.04153","46.6242","47.17835","47.34547","47.85265","48.27605","49.11684","49.6081","50.15782","50.9201","52.43257","53.27944","53.98054","54.70387","55.44308","56.19812","57.61092","57.44687","56.92009","56.62741","58.2762","58.81907","59.22267","59.44031","60.24365","60.99984","61.75931","62.8935","64.74183","65.47285","65.99904","",
"Isle of Man","IMN","Literacy rate, adult total (% of people ages 15 and above)","SE.ADT.LITR.ZS","","","","","","","","","","","","","","","","","","","","","","","","","","","","","","","","","","","","","","","","","","","","","","","","","","","","","","","","","","","","",
"India","IND","Literacy rate, adult total (% of people ages 15 and above)","SE.ADT.LITR.ZS","","","","","","","","","","","","","","","","","","","","","","40.76359","","","","","","","","","","48.22207","","","","","","","","","","61.01456","","","","","62.75447","","","","","69.30256","","","","","","","74.37299","",
"Not classified","INX","Literacy rate, adult total (% of people ages 15 and above)","SE.ADT.LITR.ZS","","","","","","","","","","","","","","","","","","","","","","","","","","","","","","","","","","","","","","","","","","","","","","","","","","","","","","","","","","","","",
"Ireland","IRL","Literacy rate, adult total (% of people ages 15 and above)","SE.ADT.LITR.ZS","","","","","","","","","","","","","","","","","","","","","","","","","","","","","","","","","","","","","","","","","","","","","","","","","","","","","","","","","","","","",
"Iran, Islamic Rep.","IRN","Literacy rate, adult total (% of people ages 15 and above)","SE.ADT.LITR.ZS","","","","","","","","","","","","","","","","","36.5184","","","","","","","","","","52.31976","","","","","65.5314","","","","","73.06025","","","","","","77","","","82.4412","82.33132","","82.9623","","","","83.62599","84.6268","84.70524","","85.54425","","","",
"Iraq","IRQ","Literacy rate, adult total (% of people ages 15 and above)","SE.ADT.LITR.ZS","","","","","","","","","","","","","","","","","","","","","","","","","","","","","","","","","","","","","","","","","74.0522","","","","","","","","","","","","77.2","72.7","82.2","","83.3","85.6","","",
"Iceland","ISL","Literacy rate, adult total (% of people ages 15 and above)","SE.ADT.LITR.ZS","","","","","","","","","","","","","","","","","","","","","","","","","","","","","","","","","","","","","","","","","","","","","","","","","","","","","","","","","","","","",
"Israel","ISR","Literacy rate, adult total (% of people ages 15 and above)","SE.ADT.LITR.ZS","","","","","","","","","","","","","","","","","","","","","","","","91.75141","","","","","","","","","","","","","","","","","","","","","","","","","","","","","","","","","","","","",
"Italy","ITA","Literacy rate, adult total (% of people ages 15 and above)","SE.ADT.LITR.ZS","","","","","","","","","","","","","","","","","","","","","","96.46054","","","","","","","","","","","","","","","","","","","","98.41662","","","","","","","","","","98.84828","","","","","","","99.15576","",
"Jamaica","JAM","Literacy rate, adult total (% of people ages 15 and above)","SE.ADT.LITR.ZS","","","","","","","","","","","","","","","","","","","","","","","","","","","","","","","","","","","","","","","","79.92012","","","","","","","","","","","","","","","88.1","","","","","",
"Jordan","JOR","Literacy rate, adult total (% of people ages 15 and above)","SE.ADT.LITR.ZS","","","","","","","","","","","","","","","","","","","","66.79681","","","","","","","","","","","","","","","","","","","","","","","","89.89232","","91.13075","","92.19958","","","92.55104","95.90445","97.89032","","","","","","98.22711","",
"Japan","JPN","Literacy rate, adult total (% of people ages 15 and above)","SE.ADT.LITR.ZS","","","","","","","","","","","","","","","","","","","","","","","","","","","","","","","","","","","","","","","","","","","","","","","","","","","","","","","","","","","","",
"Kazakhstan","KAZ","Literacy rate, adult total (% of people ages 15 and above)","SE.ADT.LITR.ZS","","","","","","","","","","","","","","","","","","","","","","","","","","","","","","97.52938","","","","","","","","","","99.51266","","","","","","","","","","99.73241","99.78163","","","","","","","","99.78163","",
"Kenya","KEN","Literacy rate, adult total (% of people ages 15 and above)","SE.ADT.LITR.ZS","","","","","","","","","","","","","","","","","","","","","","","","","","","","","","","","","","","","","","","","","82.22908","","","","","","","72.15703","","","","","","","78.73304","","","","81.53497","",
"Kyrgyz Republic","KGZ","Literacy rate, adult total (% of people ages 15 and above)","SE.ADT.LITR.ZS","","","","","","","","","","","","","","","","","","","","","","","","","","","","","","","","","","","","","","","","98.70161","","","","","","","","","","99.24343","","","","","","","","","99.586","",
"Cambodia","KHM","Literacy rate, adult total (% of people ages 15 and above)","SE.ADT.LITR.ZS","","","","","","","","","","","","","","","","","","","","","","","","","","","","","","","","","","","","","","","67.33503","","","","","","73.60995","","","","77.58654","73.90003","","","","","78.05509","80.52649","","","","",
"Kiribati","KIR","Literacy rate, adult total (% of people ages 15 and above)","SE.ADT.LITR.ZS","","","","","","","","","","","","","","","","","","","","","","","","","","","","","","","","","","","","","","","","","","","","","","","","","","","","","","","","","","","","",
"St. Kitts and Nevis","KNA","Literacy rate, adult total (% of people ages 15 and above)","SE.ADT.LITR.ZS","","","","","","","","","","","","","","","","","","","","","","","","","","","","","","","","","","","","","","","","","","","","","","","","","","","","","","","","","","","","",
"Korea, Rep.","KOR","Literacy rate, adult total (% of people ages 15 and above)","SE.ADT.LITR.ZS","","","","","","","","","","","","","","","","","","","","","","","","","","","","","","","","","","","","","","","","","","","","","","","","","","","","","","","","","","","","",
"Kuwait","KWT","Literacy rate, adult total (% of people ages 15 and above)","SE.ADT.LITR.ZS","","","","","","","","","","","","","","","","59.56439","","","","","67.51766","","","","","74.49087","","","","","","","","","","78.3955","","","","","","","","","","93.27446","93.28212","93.66419","93.8983","","94.46901","","95.51317","95.58582","","95.68545","","96.03595","96.05647","",
"Latin America & Caribbean (excluding high income)","LAC","Literacy rate, adult total (% of people ages 15 and above)","SE.ADT.LITR.ZS","","","","","","","","","","","","","","","76.41077","76.43052","76.82605","77.29168","77.77865","78.21791","78.63061","79.04645","79.46244","79.89407","80.30254","80.69791","81.07953","81.40415","81.87812","82.33364","82.71325","83.36274","84.07553","84.7989","85.44261","86.1309","86.50424","86.82593","87.34596","87.68724","87.96173","88.06271","88.18895","89.06988","89.03977","89.57859","89.48059","90.13637","90.43142","90.7613","90.77361","91.43807","91.68341","91.76209","92.2644","92.45387","92.97116","93.12496","93.31166","",
"Lao PDR","LAO","Literacy rate, adult total (% of people ages 15 and above)","SE.ADT.LITR.ZS","","","","","","","","","","","","","","","","","","","","","","","","","","","","","","","","","","","","60.25133","","","","","69.58312","68.73439","","","","72.70226","","","","","","58.28794","","","","84.66104","","","","",
"Lebanon","LBN","Literacy rate, adult total (% of people ages 15 and above)","SE.ADT.LITR.ZS","","","","","","","","","","","","","","","","","","","","","","","","","","","","","","","","","","","","","","","","","","","","","","","","89.61244","","91.18419","","","","","","","","","95.06944","",
"Liberia","LBR","Literacy rate, adult total (% of people ages 15 and above)","SE.ADT.LITR.ZS","","","","","","","","","","","","","","","","","","","","","","","","","32.10677","","","","","","","","","","","","","","","","","","","","","","","42.94108","","","","","","","","","","48.30136","","",
"Libya","LBY","Literacy rate, adult total (% of people ages 15 and above)","SE.ADT.LITR.ZS","","","","","","","","","","","","","","","","","","","","","","","","","60.16439","","","","","","","","","","76.5","","","","","","","","","","86.1","","","","","","","","","","","","","","","",
"St. Lucia","LCA","Literacy rate, adult total (% of people ages 15 and above)","SE.ADT.LITR.ZS","","","","","","","","","","","","","","","","","","","","","","","","","","","","","","","","","","","","","","","","","","","","","","","","","","","","","","","","","","","","",
"Latin America & Caribbean","LCN","Literacy rate, adult total (% of people ages 15 and above)","SE.ADT.LITR.ZS","","","","","","","","","","","","","","","78.5708","78.58928","78.94713","79.36488","79.81112","80.21521","80.59135","80.97886","81.35734","81.75575","82.13157","82.49557","82.84732","83.13588","83.62649","84.07037","84.41567","84.98673","85.59983","86.23313","86.79705","87.39914","87.72867","88.01812","88.49388","88.7893","89.03215","89.12726","89.24293","90.011","89.99261","90.47019","90.47414","91.04755","91.31507","91.69282","91.66744","92.23425","92.4574","92.50325","92.94435","93.12883","93.591","93.70474","93.86706","",
"Least developed countries: UN classification","LDC","Literacy rate, adult total (% of people ages 15 and above)","SE.ADT.LITR.ZS","","","","","","","","","","","","","","","","","","","","","","41.23184","41.53606","41.86174","42.24937","42.6426","42.98279","43.42271","44.29368","44.89221","45.43988","45.57679","46.09063","46.51238","47.38945","48.10218","48.63627","49.39863","50.96151","51.84497","52.3123","52.97511","53.63602","54.49568","55.99262","55.75615","55.1087","54.54721","56.27474","57.18098","57.47995","57.66528","58.57303","59.38629","60.15597","61.41421","63.42245","64.2174","64.81693","",
"Low income","LIC","Literacy rate, adult total (% of people ages 15 and above)","SE.ADT.LITR.ZS","","","","","","","","","","","","","","","","","","","","","","","","","","45.25689","45.65118","46.19847","46.7757","47.33084","47.93784","48.24253","48.62148","48.97018","49.55835","49.91783","50.3739","51.15887","51.76654","52.34968","52.7249","53.44914","53.92975","54.49751","56.25587","55.51006","55.32797","56.41362","55.71716","56.82658","56.9209","58.78024","60.13292","60.17592","60.90361","61.27429","61.93147","62.75316","63.18397","",
"Liechtenstein","LIE","Literacy rate, adult total (% of people ages 15 and above)","SE.ADT.LITR.ZS","","","","","","","","","","","","","","","","","","","","","","","","","","","","","","","","","","","","","","","","","","","","","","","","","","","","","","","","","","","","",
"Sri Lanka","LKA","Literacy rate, adult total (% of people ages 15 and above)","SE.ADT.LITR.ZS","","","","","","","","","","","","","","","","","","","","","","86.77792","","","","","","","","","","","","","","","","","","","","90.68275","","","","","90.80883","","90.55795","","91.18136","","","","","","92.3869","91.89575","91.70982","",
"Lower middle income","LMC","Literacy rate, adult total (% of people ages 15 and above)","SE.ADT.LITR.ZS","","","","","","","","","","","","","","","","49.43428","49.61267","50.15552","50.71332","51.29831","51.21968","51.98466","52.88629","53.38152","53.94603","54.51049","55.05397","55.96263","56.59387","57.27375","57.88821","58.37324","59.30427","60.03185","60.73617","61.39856","62.12161","62.74989","65.89876","66.52759","66.69432","67.17927","68.0091","68.85849","69.55857","69.39664","69.21127","69.83593","70.9182","71.53402","72.75541","72.84508","73.54289","74.13088","74.84184","75.59041","76.25343","76.85608","77.24338","",
"Low & middle income","LMY","Literacy rate, adult total (% of people ages 15 and above)","SE.ADT.LITR.ZS","","","","","","","","","","","","","","","","58.22198","58.37462","58.71235","59.44295","60.17088","60.65351","61.4526","62.22132","63.0339","63.8278","64.54894","65.2223","66.04264","68.18001","68.81508","69.19166","69.88776","70.50855","71.03796","71.5531","72.04828","72.58844","75.15037","76.66101","77.07523","77.34672","77.66045","78.12188","78.77841","79.40396","79.38975","79.32791","80.08049","80.53759","80.94197","81.44956","81.72388","82.14667","82.36124","82.78633","83.1604","83.52819","83.81031","84.02266","",
"Lesotho","LSO","Literacy rate, adult total (% of people ages 15 and above)","SE.ADT.LITR.ZS","","","","","","","","","","","","","","","","","","","","","","","","","","","","","","","","","","","","","","","","","86.25443","","","","","","","","","75.8002","","","","","76.6352","","","","","",
"Late-demographic dividend","LTE","Literacy rate, adult total (% of people ages 15 and above)","SE.ADT.LITR.ZS","","","","","","","","","","","","","","","","","69.01711","69.12107","70.04414","70.99262","71.89744","72.81271","73.51553","74.60306","75.47052","76.30851","77.08598","77.85742","81.52795","82.11583","82.022","83.11192","83.55749","83.99336","84.40255","84.82749","85.27111","90.13376","90.48052","90.78952","91.18588","91.40297","91.72359","92.11989","92.54826","92.87304","93.09925","94.08961","94.31301","94.59371","94.61558","95.13004","95.30169","95.36598","95.53109","95.67817","95.86127","96.00959","96.1515","",
"Lithuania","LTU","Literacy rate, adult total (% of people ages 15 and above)","SE.ADT.LITR.ZS","","","","","","","","","","","","","","","","","","","","","","","","","","","","","","98.44127","","","","","","","","","","","","99.64575","","","","","","","","","","99.8156","","","","","","","","",
"Luxembourg","LUX","Literacy rate, adult total (% of people ages 15 and above)","SE.ADT.LITR.ZS","","","","","","","","","","","","","","","","","","","","","","","","","","","","","","","","","","","","","","","","","","","","","","","","","","","","","","","","","","","","",
"Latvia","LVA","Literacy rate, adult total (% of people ages 15 and above)","SE.ADT.LITR.ZS","","","","","","","","","","","","","","","","","","","","","","","","","","","","","","99.4523","","","","","","","","","","","99.74657","","","","","","","","","","","99.8959","","","","","","","99.88931","",
"Macao SAR, China","MAC","Literacy rate, adult total (% of people ages 15 and above)","SE.ADT.LITR.ZS","","","","","","","","","","","","","","","","","","","","","","90.37818","","","","","","","","","","","","","","","","","","","","91.29537","","","","","93.49975","","","","","95.64004","","","","","96.53849","","","",
"St. Martin (French part)","MAF","Literacy rate, adult total (% of people ages 15 and above)","SE.ADT.LITR.ZS","","","","","","","","","","","","","","","","","","","","","","","","","","","","","","","","","","","","","","","","","","","","","","","","","","","","","","","","","","","","",
"Morocco","MAR","Literacy rate, adult total (% of people ages 15 and above)","SE.ADT.LITR.ZS","","","","","","","","","","","","","","","","","","","","","","","30.2578","","","","","","","","","","","","41.59411","","","","","","","","","","52.30626","","","","55.14792","56.08367","","67.08416","69.42539","","","","","","73.75001","",
"Monaco","MCO","Literacy rate, adult total (% of people ages 15 and above)","SE.ADT.LITR.ZS","","","","","","","","","","","","","","","","","","","","","","","","","","","","","","","","","","","","","","","","","","","","","","","","","","","","","","","","","","","","",
"Moldova","MDA","Literacy rate, adult total (% of people ages 15 and above)","SE.ADT.LITR.ZS","","","","","","","","","","","","","","","","","","","","","","","","","","","","","","96.37755","","","","","","","","","","","96.6538","","","","","","","","","","","","99.13831","","99.35989","","","","","",
"Madagascar","MDG","Literacy rate, adult total (% of people ages 15 and above)","SE.ADT.LITR.ZS","","","","","","","","","","","","","","","","","","","","","","","","","","","","","","","","","","","","","","","","","70.68617","","","","","","","","","64.48091","","","71.57262","","","","","","74.80432","",
"Maldives","MDV","Literacy rate, adult total (% of people ages 15 and above)","SE.ADT.LITR.ZS","","","","","","","","","","","","","","","","","","82.29996","","","","","","","","92.23005","","","","","96.01826","","","","","96.3265","","","","","","","","","","","98.3979","","","","","","","","98.61012","","97.73495","","","",
"Middle East & North Africa","MEA","Literacy rate, adult total (% of people ages 15 and above)","SE.ADT.LITR.ZS","","","","","","","","","","","","","","","43.72487","44.21202","44.70154","45.30434","45.97381","46.67699","47.43194","48.15644","48.9422","49.68362","50.62315","51.58505","52.64143","53.40174","54.50576","55.53435","57.93728","59.19171","60.19424","61.06282","62.03457","63.54456","64.88459","65.82177","67.02427","68.0924","69.10522","70.23461","70.68363","73.94257","74.85721","75.31096","74.57664","75.09183","75.7537","75.6765","76.49272","77.26692","77.88424","78.21723","78.74318","79.4081","77.93316","78.83495","78.96279","",
"Mexico","MEX","Literacy rate, adult total (% of people ages 15 and above)","SE.ADT.LITR.ZS","","","","","","","","","","","","","","","","","","","","","82.98924","","","","","","","","","","87.55615","","","","","","","","","","90.53562","","90.27465","","90.95374","91.63027","91.73452","92.79517","92.9256","93.44188","93.06894","93.51998","94.2284","93.96285","94.55588","94.47228","94.85962","94.97278","95.37991","",
"Marshall Islands","MHL","Literacy rate, adult total (% of people ages 15 and above)","SE.ADT.LITR.ZS","","","","","","","","","","","","","","","","","","","","","","","","","","","","","","","","","","","","","","","","","","","","","","","","","","","","98.26508","","","","","","","","",
"Middle income","MIC","Literacy rate, adult total (% of people ages 15 and above)","SE.ADT.LITR.ZS","","","","","","","","","","","","","","","","59.42646","59.58035","59.92596","60.69229","61.45644","61.95087","62.78772","63.59047","64.43723","65.25651","65.99692","66.69123","67.53206","69.78653","70.4276","70.78688","71.52576","72.17898","72.73722","73.26312","73.78669","74.34132","77.05614","78.65404","79.07006","79.34767","79.64392","80.11905","80.79874","81.34762","81.41655","81.38769","82.13752","82.72456","83.09661","83.67154","83.82949","84.19361","84.45217","84.87823","85.28447","85.65752","85.92127","86.14847","",
"North Macedonia","MKD","Literacy rate, adult total (% of people ages 15 and above)","SE.ADT.LITR.ZS","","","","","","","","","","","","","","","","","","","","","","","","","","","","","","","","","","","94.05875","","","","","","","","96.12893","","","","","","","","","","","","97.8","","","","","",
"Mali","MLI","Literacy rate, adult total (% of people ages 15 and above)","SE.ADT.LITR.ZS","","","","","","","","","","","","","","","","","9.43381","","","","","","","","","","","","","","","","","","","","","","19.04497","","","","","24","","","26.17655","","","","31.09975","33.56094","","","","33.06889","","","35.47377","",
"Malta","MLT","Literacy rate, adult total (% of people ages 15 and above)","SE.ADT.LITR.ZS","","","","","","","","","","","","","","","","","","","","","","","","","","86.92984","","","","","","","","","","87.8687","","","","","","","","","","92.36309","","","","","","93.30736","","","","","","","94.50319","",
"Myanmar","MMR","Literacy rate, adult total (% of people ages 15 and above)","SE.ADT.LITR.ZS","","","","","","","","","","","","","","","","","","","","","","","","78.57041","","","","","","","","","","","","","","","","","89.94176","","","","","","","","","","","","","","","","75.5512","","","",
"Middle East & North Africa (excluding high income)","MNA","Literacy rate, adult total (% of people ages 15 and above)","SE.ADT.LITR.ZS","","","","","","","","","","","","","39.3861","39.86268","40.35086","40.88714","41.41076","42.06404","42.79675","43.55039","44.38498","45.18608","45.96107","46.78003","47.79767","48.86468","50.03551","50.87025","51.98887","53.02938","55.63357","56.94411","58.01357","58.93799","59.95622","61.58005","62.98683","63.93749","65.12838","66.22841","67.26866","68.42132","68.73657","72.39302","73.29144","73.70323","72.69732","73.1154","73.6935","73.44956","74.27413","74.50895","75.141","75.40792","75.96811","76.62246","74.84724","75.85256","75.9596","",
"Montenegro","MNE","Literacy rate, adult total (% of people ages 15 and above)","SE.ADT.LITR.ZS","","","","","","","","","","","","","","","","","","","","","","89.6353","","","","","","","","","","93.46274","","","","","","","","","","","","97.77346","","","","","","","","98.44221","","","","","","","98.84718","",
"Mongolia","MNG","Literacy rate, adult total (% of people ages 15 and above)","SE.ADT.LITR.ZS","","","","","","","","","","","","","","","","","","","","","","","","","","","","","","","","","","","","","","","","","97.76885","","","","","","","","","","98.257","","","","","","","","98.42312","",
"Northern Mariana Islands","MNP","Literacy rate, adult total (% of people ages 15 and above)","SE.ADT.LITR.ZS","","","","","","","","","","","","","","","","","","","","","","","","","","","","","","","","","","","","","","","","","","","","","","","","","","","","","","","","","","","","",
"Mozambique","MOZ","Literacy rate, adult total (% of people ages 15 and above)","SE.ADT.LITR.ZS","","","","","","","","","","","","","","","","","","","","","26.99771","","","","","","","","","","","","","","","","","38.70788","","","","","","48.15884","","","","","","50.58381","","","","","","56.039","","60.65543","","",
"Mauritania","MRT","Literacy rate, adult total (% of people ages 15 and above)","SE.ADT.LITR.ZS","","","","","","","","","","","","","","","","","","","","","","","","","","","","","","","","","","","","","","","","","51.20768","","","","","","","45.50378","","","","","","","","","","53.49759","","",
"Mauritius","MUS","Literacy rate, adult total (% of people ages 15 and above)","SE.ADT.LITR.ZS","","","","","","","","","","","","","","","","","","","","","","","","","","","","","","","79.86866","","","","","","","","","","84.30309","","","","","","","","","","","89.24984","91.76601","91.49003","92.47476","92.7076","93.15784","","91.32539","",
"Malawi","MWI","Literacy rate, adult total (% of people ages 15 and above)","SE.ADT.LITR.ZS","","","","","","","","","","","","","","","","","","","","","","","","","","","","48.53665","","","","","","","","","","","64.13425","","","","","","","","","","","","61.30972","","","","65.14537","62.14354","","","","",
"Malaysia","MYS","Literacy rate, adult total (% of people ages 15 and above)","SE.ADT.LITR.ZS","","","","","","","","","","","","","","","","","","","","","69.51633","","","","","","","","","","","82.91537","","","","","","","","","88.68776","","","","","","","","","","93.11789","","","","","","93.7347","95.08265","94.85441","",
"North America","NAC","Literacy rate, adult total (% of people ages 15 and above)","SE.ADT.LITR.ZS","","","","","","","","","","","","","","","","","","","","","","","","","","","","","","","","","","","","","","","","","","","","","","","","","","","","","","","","","","","","",
"Namibia","NAM","Literacy rate, adult total (% of people ages 15 and above)","SE.ADT.LITR.ZS","","","","","","","","","","","","","","","","","","","","","","","","","","","","","","","","75.81658","","","","","","","","","","84.94426","","","","","","76.48659","","","","88.27463","","","","","","","91.52727","",
"New Caledonia","NCL","Literacy rate, adult total (% of people ages 15 and above)","SE.ADT.LITR.ZS","","","","","","","","","","","","","","","","","91.30037","","","","","","","","","","","","","93.08063","","","","","","","96.13792","","","","","","","","","","","","","","","","","","97.8","","","","","",
"Niger","NER","Literacy rate, adult total (% of people ages 15 and above)","SE.ADT.LITR.ZS","","","","","","","","","","","","","","","","","","","","","","","","","","","","","","","","","","","","","","","","","","14.37604","","","","28.67242","","","","","","","30.56039","","","","","","","",
"Nigeria","NGA","Literacy rate, adult total (% of people ages 15 and above)","SE.ADT.LITR.ZS","","","","","","","","","","","","","","","","","","","","","","","","","","","","","","","","55.44675","","","","","","","","","","","","54.77318","","","","","51.07766","","","","","","","","","","62.01601","",
"Nicaragua","NIC","Literacy rate, adult total (% of people ages 15 and above)","SE.ADT.LITR.ZS","","","","","","","","","","","","","","","","","","","","","","","","","","","","","","","","","","","","","","","","","","76.67713","","","","78.00298","","","","","","","","","","82.61455","","","","",
"Netherlands","NLD","Literacy rate, adult total (% of people ages 15 and above)","SE.ADT.LITR.ZS","","","","","","","","","","","","","","","","","","","","","","","","","","","","","","","","","","","","","","","","","","","","","","","","","","","","","","","","","","","","",
"Norway","NOR","Literacy rate, adult total (% of people ages 15 and above)","SE.ADT.LITR.ZS","","","","","","","","","","","","","","","","","","","","","","","","","","","","","","","","","","","","","","","","","","","","","","","","","","","","","","","","","","","","",
"Nepal","NPL","Literacy rate, adult total (% of people ages 15 and above)","SE.ADT.LITR.ZS","","","","","","","","","","","","","","","","","","","","","","20.57367","","","","","","","","","","32.97559","","","","","","","","","","48.60897","","","","","","","","","","59.62725","","","","","","","67.90843","",
"Nauru","NRU","Literacy rate, adult total (% of people ages 15 and above)","SE.ADT.LITR.ZS","","","","","","","","","","","","","","","","","","","","","","","","","","","","","","","","","","","","","","","","","","","","","","","","","","","","","","","","","","","","",
"New Zealand","NZL","Literacy rate, adult total (% of people ages 15 and above)","SE.ADT.LITR.ZS","","","","","","","","","","","","","","","","","","","","","","","","","","","","","","","","","","","","","","","","","","","","","","","","","","","","","","","","","","","","",
"OECD members","OED","Literacy rate, adult total (% of people ages 15 and above)","SE.ADT.LITR.ZS","","","","","","","","","","","","","","","","","","","","","","","","","","","","","","","","","","","","","","","","","","","","","","","","","","","","","","","","","","","","",
"Oman","OMN","Literacy rate, adult total (% of people ages 15 and above)","SE.ADT.LITR.ZS","","","","","","","","","","","","","","","","","","","","","","","","","","","","","","","","","","","","","","","","","","","","81.36331","","","","","86.62114","","86.939","","","","91.9812","93.03861","94.89999","95.576","95.65153","",
"Other small states","OSS","Literacy rate, adult total (% of people ages 15 and above)","SE.ADT.LITR.ZS","","","","","","","","","","","","","","","","","","","","","","","","70.68494","71.00149","71.31638","71.70123","72.25783","72.93192","73.59233","74.0809","74.51757","74.98157","75.56528","75.76491","76.17324","76.79704","77.35665","78.16402","78.70902","78.78282","79.48367","80.31768","81.02064","81.4418","81.97775","81.54061","80.74594","81.7852","81.23048","81.66278","82.18117","82.41896","82.64476","83.08374","84.41474","83.93278","84.17819","84.52881","",
"Pakistan","PAK","Literacy rate, adult total (% of people ages 15 and above)","SE.ADT.LITR.ZS","","","","","","","","","","","","","","","","","","","","","","25.72519","","","","","","","","","","","","","","","","","42.69931","","","","","","","49.87364","54.15121","52.13683","55.52637","54.89264","55.37519","54.73802","56.76434","55.59499","56.97715","","","59.13205","","",
"Panama","PAN","Literacy rate, adult total (% of people ages 15 and above)","SE.ADT.LITR.ZS","","","","","","","","","","","","","","","","","","","","","88.07174","","","","","","","","","","88.77986","","","","","","","","","","91.89962","","","","","","","","","","94.09412","","","","","","","","95.41181","",
"Peru","PER","Literacy rate, adult total (% of people ages 15 and above)","SE.ADT.LITR.ZS","","","","","","","","","","","","","","","","","","","","","","81.91846","","","","","","","","","","","","87.15063","","","","","","","","","","","87.66985","87.90867","88.69934","89.59081","","","","","93.84173","","93.70795","94.16234","94.17367","94.14961","94.40827","",
"Philippines","PHL","Literacy rate, adult total (% of people ages 15 and above)","SE.ADT.LITR.ZS","","","","","","","","","","","","","","","","","","","","","83.31723","","","","","","","","","","93.5739","","","","93.91597","","","","","","92.60006","","","92.59069","","","","","95.4201","","","","","96.398","","98.18255","","","","",
"Palau","PLW","Literacy rate, adult total (% of people ages 15 and above)","SE.ADT.LITR.ZS","","","","","","","","","","","","","","","","","","","","","91.92142","","","","","","","","","","","","","","","","","","","","","","","","","","","","","","","","","99.50313","","96.59374","","","","",
"Papua New Guinea","PNG","Literacy rate, adult total (% of people ages 15 and above)","SE.ADT.LITR.ZS","","","","","","","","","","","","","","","","","","","","","","","","","","","","","","","","","","","","","","","","","57.34326","","","","","","","","","","61.6","","","","","","","","","",
"Poland","POL","Literacy rate, adult total (% of people ages 15 and above)","SE.ADT.LITR.ZS","","","","","","","","","","","","","","","","","","","98.74274","","","","","","","","","","98.74274","","","","","","","","","","98.74274","","","","","","","","","","98.74274","","","","","","","","","","","",
"Pre-demographic dividend","PRE","Literacy rate, adult total (% of people ages 15 and above)","SE.ADT.LITR.ZS","","","","","","","","","","","","","","","","","","","","","","","","","","","49.21768","49.89457","50.39636","51.09594","51.68204","52.18637","52.51067","53.0689","53.64817","54.01322","54.70979","55.67697","56.36751","57.28266","55.59631","56.62565","57.21588","57.6301","58.9106","58.38719","56.80528","56.19434","55.52373","55.26486","55.59765","57.39086","58.80656","58.84711","59.71051","60.30702","61.03961","61.92296","62.64361","",
"Puerto Rico","PRI","Literacy rate, adult total (% of people ages 15 and above)","SE.ADT.LITR.ZS","","","","","","","","","","","","","","","","","","","","","86.74606","","","","","","","","","","89.6225","","","","","","","","","","","","","","","","","","","","91.96523","","","","","","","92.39","","",
"Korea, Dem. People’s Rep.","PRK","Literacy rate, adult total (% of people ages 15 and above)","SE.ADT.LITR.ZS","","","","","","","","","","","","","","","","","","","","","","","","","","","","","","","","","","","","","","","","","","","","","","","","","99.99819","","","","","","","","","","","",
"Portugal","PRT","Literacy rate, adult total (% of people ages 15 and above)","SE.ADT.LITR.ZS","","","","","","","","","","","","","","","","","","","","","","79.43561","","","","","","","","","","87.94785","","","","","","","","","","","","","","","","","","","","94.47705","","","","","","","96.13759","",
"Paraguay","PRY","Literacy rate, adult total (% of people ages 15 and above)","SE.ADT.LITR.ZS","","","","","","","","","","","","","","","","","","","","","","","78.45861","","","","","","","","","","90.27182","","","","","","","","","","","","","","","94.55822","93.29208","93.75424","93.87092","","94.19747","95.05904","95.03481","95.55484","94.65024","","94.0208","",
"West Bank and Gaza","PSE","Literacy rate, adult total (% of people ages 15 and above)","SE.ADT.LITR.ZS","","","","","","","","","","","","","","","","","","","","","","","","","","","","","","","","","","","","","","86.06289","","","","","","","92.27997","","93.45001","93.81048","92.53616","94.59917","94.93201","95.26724","95.90622","96.2849","96.42839","96.69073","96.93023","","97.21861","",
"Pacific island small states","PSS","Literacy rate, adult total (% of people ages 15 and above)","SE.ADT.LITR.ZS","","","","","","","","","","","","","","","","","","","","","","","","","","","","","","","","","","","","88.05579","88.1205","88.32592","88.53091","88.72764","88.90367","89.09324","","","","","","","","","","","","","","","90.97831","91.01657","","",
"Post-demographic dividend","PST","Literacy rate, adult total (% of people ages 15 and above)","SE.ADT.LITR.ZS","","","","","","","","","","","","","","","","","","","","","","","","","","","","","","","","","","","","","","","","","","","","","","","","","","","","","","","","","","","","",
"French Polynesia","PYF","Literacy rate, adult total (% of people ages 15 and above)","SE.ADT.LITR.ZS","","","","","","","","","","","","","","","","","","","","","","","","","","","","","","","","","","","","","","","","","","","","","","","","","","","","","","","","","","","","",
"Qatar","QAT","Literacy rate, adult total (% of people ages 15 and above)","SE.ADT.LITR.ZS","","","","","","","","","","","","","","","","","","","","","","","","","","","75.63504","","","","","","","","","","","83.26216","","","","","","","88.96239","","","93.08274","93.98973","94.72429","","","","90.63299","91.32722","","93.1453","93.46397","","",
"Romania","ROU","Literacy rate, adult total (% of people ages 15 and above)","SE.ADT.LITR.ZS","","","","","","","","","","","","","","","","","","","","","","","","","","","","","","","","","96.70998","","","","","","","","","","97.29759","","","","","","","","","98.60429","","","","","","","98.8445","",
"Russian Federation","RUS","Literacy rate, adult total (% of people ages 15 and above)","SE.ADT.LITR.ZS","","","","","","","","","","","","","","","","","","","","","","","","","","","","","","97.98605","","","","","","","","","","","","","99.44097","","","","","","","","99.68427","","","","","","","","99.73006","",
"Rwanda","RWA","Literacy rate, adult total (% of people ages 15 and above)","SE.ADT.LITR.ZS","","","","","","","","","","","","","","","","","","","38.24343","","","","","","","","","","","","","57.85349","","","","","","","","","64.8886","","","","","","","","","","65.85227","","68.33103","","70.80413","","","","73.21559","",
"South Asia","SAS","Literacy rate, adult total (% of people ages 15 and above)","SE.ADT.LITR.ZS","","","","","","","","","","","","","","","","36.16165","36.16729","36.82207","37.47076","38.10517","38.72109","38.72034","39.95093","40.60293","41.25528","41.90999","42.56209","43.21771","43.96739","44.73163","45.47371","45.85644","47.14769","48.12347","48.89509","49.68327","50.48079","51.28226","56.16217","56.91616","57.68935","58.13004","59.21207","60.101","60.87246","60.64294","60.8131","61.97817","63.63833","64.33766","66.01901","66.51724","67.2685","68.01312","68.73481","69.65735","70.99924","71.69524","72.25239","",
"Saudi Arabia","SAU","Literacy rate, adult total (% of people ages 15 and above)","SE.ADT.LITR.ZS","","","","","","","","","","","","","","","","","","","","","","","","","","","","","","","","","70.82165","","","","","","","","79.35094","","","","82.85774","","","","","","","","","94.42634","","","","95.32863","","",
"Sudan","SDN","Literacy rate, adult total (% of people ages 15 and above)","SE.ADT.LITR.ZS","","","","","","","","","","","","","","","","","","","","","","","","","","","","","","","","","","","","","","","","","61.34587","","","","","","","","53.51738","","","","","","","","","","60.69718","",
"Senegal","SEN","Literacy rate, adult total (% of people ages 15 and above)","SE.ADT.LITR.ZS","","","","","","","","","","","","","","","","","","","","","","","","","","","","","26.86885","","","","","","","","","","","","","","39.27525","","","","41.89115","","","49.69513","","52.05196","","42.8175","","","","51.90042","","",
"Singapore","SGP","Literacy rate, adult total (% of people ages 15 and above)","SE.ADT.LITR.ZS","","","","","","","","","","","","","","","","","","","","","82.90605","","","","","","","","","","89.096","","","","","","","","","","92.5494","","","","","","","","","","95.85733","96.18608","96.36979","96.54808","96.71666","96.82549","97.04959","97.20225","97.34486","",
"Solomon Islands","SLB","Literacy rate, adult total (% of people ages 15 and above)","SE.ADT.LITR.ZS","","","","","","","","","","","","","","","","","","","","","","","","","","","","","","","","","","","","","","","","76.6","","","","","","","","","","76.6","","","","","","","","","","",
"Sierra Leone","SLE","Literacy rate, adult total (% of people ages 15 and above)","SE.ADT.LITR.ZS","","","","","","","","","","","","","","","","","","","","","","","","","","","","","","","","","","","","","","","","","","","","","34.82679","","","","","","","","","32.42617","","","","","43.20633","",
"El Salvador","SLV","Literacy rate, adult total (% of people ages 15 and above)","SE.ADT.LITR.ZS","","","","","","","","","","","","","","","","","","","","","","","","","","","","","","","","","74.14316","","","","","","","","","","","","","","83.55946","82.02863","83.9513","84.10289","84.49272","85.49399","","86.76758","","87.96985","88.14177","88.48271","89.0086","",
"San Marino","SMR","Literacy rate, adult total (% of people ages 15 and above)","SE.ADT.LITR.ZS","","","","","","","","","","","","","","","","","","","","","","","","","","","","","","","","","","","","","","","","","","","","","","","","","","","","","","","","","","","99.91643","",
"Somalia","SOM","Literacy rate, adult total (% of people ages 15 and above)","SE.ADT.LITR.ZS","","","","","","","","","","","","","5.40465","","","","","","","","","","","","","","","","","","","","","","","","","","","","","","","","","","","","","","","","","","","","","","","",
"Serbia","SRB","Literacy rate, adult total (% of people ages 15 and above)","SE.ADT.LITR.ZS","","","","","","","","","","","","","","","","","","","","","","","","","","","","","","","","","","","","","","","","","","","","","","","","","","","","97.96241","","","","","98.84151","","","",
"Sub-Saharan Africa (excluding high income)","SSA","Literacy rate, adult total (% of people ages 15 and above)","SE.ADT.LITR.ZS","","","","","","","","","","","","","","","","","","","","","","","","","","49.95809","50.25825","50.85935","51.31711","51.88709","52.52119","52.90986","53.37011","53.94697","54.68423","54.97274","55.65361","56.52673","57.18735","58.01841","56.65515","57.65637","58.16491","58.62375","60.50691","59.51778","58.35354","58.49351","58.0778","59.24615","59.55902","61.18954","62.49027","62.81126","63.48269","64.08313","64.78476","65.0482","65.57343","",
"South Sudan","SSD","Literacy rate, adult total (% of people ages 15 and above)","SE.ADT.LITR.ZS","","","","","","","","","","","","","","","","","","","","","","","","","","","","","","","","","","","","","","","","","","","","","","","","","26.83128","","","","","","","","","","34.52276","",
"Sub-Saharan Africa","SSF","Literacy rate, adult total (% of people ages 15 and above)","SE.ADT.LITR.ZS","","","","","","","","","","","","","","","","","","","","","","","","","","49.9635","50.26372","50.86479","51.32262","51.89262","52.52673","52.91544","53.37566","53.95252","54.68966","54.97828","55.65905","56.53204","57.19257","58.02351","56.66054","57.66171","58.17021","58.62911","60.51203","59.52308","58.35898","58.49888","58.08312","59.25124","59.56398","61.19422","62.49471","62.81559","63.48687","64.08716","64.78863","65.05196","65.57706","",
"Small states","SST","Literacy rate, adult total (% of people ages 15 and above)","SE.ADT.LITR.ZS","","","","","","","","","","","","","","","","","","","","","","","","","","","76.2595","76.6624","77.14482","77.61772","77.98765","78.27376","78.58914","78.99208","79.13144","79.46812","79.95171","80.39781","81.01568","81.31537","81.55919","82.11404","82.75875","83.30786","83.65693","84.09007","83.7975","83.32941","84.10504","83.72169","84.064","84.4677","84.63077","84.79789","85.14295","86.13148","85.77091","85.94953","86.20175","",
"Sao Tome and Principe","STP","Literacy rate, adult total (% of people ages 15 and above)","SE.ADT.LITR.ZS","","","","","","","","","","","","","","","","","","","","","","57.32426","","","","","","","","","","73.24242","","","","","","","","","","84.90851","","","","","","","69.53639","","","","90.1431","","","","","","92.81664","",
"Suriname","SUR","Literacy rate, adult total (% of people ages 15 and above)","SE.ADT.LITR.ZS","","","","","","","","","","","","","","","","","","","","","","","","","","","","","","","","","","","","","","","","","","","","","89.59806","","","","94.62094","","94.67575","","92.86866","","","","","","94.38327","",
"Slovak Republic","SVK","Literacy rate, adult total (% of people ages 15 and above)","SE.ADT.LITR.ZS","","","","","","","","","","","","","","","","","","","","","","","","","","","","","","","","","","","","","","","","","","","","","","","","","","","","","","","","","","","","",
"Slovenia","SVN","Literacy rate, adult total (% of people ages 15 and above)","SE.ADT.LITR.ZS","","","","","","","","","","","","","","","","","","","","","","","","","","","","","","","","99.52452","","","","","","","","","","","","","99.7","","","","","","","","","","99.7","","","","","",
"Sweden","SWE","Literacy rate, adult total (% of people ages 15 and above)","SE.ADT.LITR.ZS","","","","","","","","","","","","","","","","","","","","","","","","","","","","","","","","","","","","","","","","","","","","","","","","","","","","","","","","","","","","",
"Eswatini","SWZ","Literacy rate, adult total (% of people ages 15 and above)","SE.ADT.LITR.ZS","","","","","","","","","","","","","","","","","55.32504","","","","","","","","","","67.23938","","","","","","","","","","","","","","81.6607","","","","","","","","","","83.09829","","","","","","","","88.41938","",
"Sint Maarten (Dutch part)","SXM","Literacy rate, adult total (% of people ages 15 and above)","SE.ADT.LITR.ZS","","","","","","","","","","","","","","","","","","","","","","","","","","","","","","","","","","","","","","","","","","","","","","","","","","","","","","","","","","","","",
"Seychelles","SYC","Literacy rate, adult total (% of people ages 15 and above)","SE.ADT.LITR.ZS","","","","","","","","","","","","","","","","","","","","","","","","","","","","84.22922","","","","","","","87.81115","","","","","","","","91.83646","","","","","","","","93.95423","","","","","","","","95.86771","",
"Syrian Arab Republic","SYR","Literacy rate, adult total (% of people ages 15 and above)","SE.ADT.LITR.ZS","","","","","","","","","","","","","","","","","","","","","","55.6545","","","","","","","","","","","","","","","","","","","","","82.88825","","80.84452","","","","","","","","","","","","","","","",
"Turks and Caicos Islands","TCA","Literacy rate, adult total (% of people ages 15 and above)","SE.ADT.LITR.ZS","","","","","","","","","","","","","","","","","","","","","","","","","","","","","","","","","","","","","","","","","","","","","","","","","","","","","","","","","","","","",
"Chad","TCD","Literacy rate, adult total (% of people ages 15 and above)","SE.ADT.LITR.ZS","","","","","","","","","","","","","","","","","","","","","","","","","","","","","","","","","","10.89465","","","","","","","25.65421","","","","28.38143","","","","","","","","","","","26.00299","22.31155","","","",
"East Asia & Pacific (IDA & IBRD countries)","TEA","Literacy rate, adult total (% of people ages 15 and above)","SE.ADT.LITR.ZS","","","","","","","","","","","","","","","","","63.37805","63.54882","64.68029","65.85253","66.37523","68.09224","68.96226","70.2824","71.34248","72.35601","73.29598","74.55003","78.94828","79.64945","79.52262","80.8285","81.34956","81.82593","82.37768","82.92168","83.46699","89.18044","89.55673","89.89668","90.43606","90.6773","91.06439","91.44515","91.99476","92.36786","92.79661","93.88745","94.13175","94.43798","94.54161","94.38786","94.61261","94.71496","95.13672","95.3528","95.46849","95.67395","95.81489","",
"Europe & Central Asia (IDA & IBRD countries)","TEC","Literacy rate, adult total (% of people ages 15 and above)","SE.ADT.LITR.ZS","","","","","","","","","","","","","","","","","","","","","","","","94.21567","94.93809","95.17118","95.25614","95.41787","95.54115","95.65243","95.86819","95.90473","96.01564","96.1256","96.23468","96.34597","96.50807","96.6101","96.90662","96.96655","97.0715","97.14258","97.22074","97.28729","97.43593","97.61895","97.58699","97.67312","97.68101","98.15621","98.42843","98.65026","98.76374","98.80896","98.83761","98.86424","98.96905","98.94835","98.98185","",
"Togo","TGO","Literacy rate, adult total (% of people ages 15 and above)","SE.ADT.LITR.ZS","","","","","","","","","","","","","","","","","","","","","","","","","","","","","","","","","","","","","","","","","53.1776","","","","","","56.88837","","","57.09338","","60.40994","","","","63.74562","","","","",
"Thailand","THA","Literacy rate, adult total (% of people ages 15 and above)","SE.ADT.LITR.ZS","","","","","","","","","","","","","","","","","","","","","87.98176","","","","","","","","","","","","","","","","","","","","92.64654","","","","","93.50647","","","","","96.43091","","","93.70207","","92.86831","","","93.76776","",
"Tajikistan","TJK","Literacy rate, adult total (% of people ages 15 and above)","SE.ADT.LITR.ZS","","","","","","","","","","","","","","","","","","","","","","","","","","","","","","97.69402","","","","","","","","","","","99.45068","","","","","","","","","","","","","","99.8","","","","","",
"Turkmenistan","TKM","Literacy rate, adult total (% of people ages 15 and above)","SE.ADT.LITR.ZS","","","","","","","","","","","","","","","","","","","","","","","","","","","","","","","","","","","","98.77832","","","","","","","","","","","","","","","","","","","99.7","","","","","",
"Latin America & the Caribbean (IDA & IBRD countries)","TLA","Literacy rate, adult total (% of people ages 15 and above)","SE.ADT.LITR.ZS","","","","","","","","","","","","","","","77.8922","77.91141","78.2822","78.71544","79.17828","79.59723","79.9899","80.38784","80.77572","81.18426","81.56935","81.94221","82.30241","82.59363","83.0998","83.55753","83.91232","84.50879","85.14872","85.80967","86.39832","87.02622","87.3694","87.67157","88.16989","88.48042","88.73531","88.83636","88.95792","89.75382","89.73608","90.23155","90.23788","90.83163","91.10936","91.50401","91.48097","92.06422","92.29404","92.34312","92.79792","92.99225","93.46904","93.58714","93.75496","",
"Timor-Leste","TLS","Literacy rate, adult total (% of people ages 15 and above)","SE.ADT.LITR.ZS","","","","","","","","","","","","","","","","","","","","","","","","","","","","","","","","","","","","","","","","","","37.6","","","","","","50.6","","","58.30898","","","","","","","","68.06683","",
"Middle East & North Africa (IDA & IBRD countries)","TMN","Literacy rate, adult total (% of people ages 15 and above)","SE.ADT.LITR.ZS","","","","","","","","","","","","","39.00685","39.48749","39.97983","40.52068","41.04876","41.70761","42.44656","43.20662","44.04832","44.85625","45.63783","46.46378","47.49008","48.56618","49.74699","50.58883","51.71699","52.76637","55.39274","56.7123","57.78865","58.71173","59.72954","61.35857","62.76903","63.73197","64.91188","66.01418","67.05738","68.21526","68.51265","72.20115","73.10896","73.51612","72.49503","72.91025","73.5045","73.23411","74.06062","74.2919","74.92136","75.18455","75.74665","76.40267","74.60233","75.61515","75.72189","",
"Tonga","TON","Literacy rate, adult total (% of people ages 15 and above)","SE.ADT.LITR.ZS","","","","","","","","","","","","","","","","","99.59246","","","","","","","","","","","","","","","","","","","","98.90537","","","","","","","","","","99.01846","","","","","99.38553","","","","","","","99.41437","",
"South Asia (IDA & IBRD)","TSA","Literacy rate, adult total (% of people ages 15 and above)","SE.ADT.LITR.ZS","","","","","","","","","","","","","","","","36.16165","36.16729","36.82207","37.47076","38.10517","38.72109","38.72034","39.95093","40.60293","41.25528","41.90999","42.56209","43.21771","43.96739","44.73163","45.47371","45.85644","47.14769","48.12347","48.89509","49.68327","50.48079","51.28226","56.16217","56.91616","57.68935","58.13004","59.21207","60.101","60.87246","60.64294","60.8131","61.97817","63.63833","64.33766","66.01901","66.51724","67.2685","68.01312","68.73481","69.65735","70.99924","71.69524","72.25239","",
"Sub-Saharan Africa (IDA & IBRD countries)","TSS","Literacy rate, adult total (% of people ages 15 and above)","SE.ADT.LITR.ZS","","","","","","","","","","","","","","","","","","","","","","","","","","49.9635","50.26372","50.86479","51.32262","51.89262","52.52673","52.91544","53.37566","53.95252","54.68966","54.97828","55.65905","56.53204","57.19257","58.02351","56.66054","57.66171","58.17021","58.62911","60.51203","59.52308","58.35898","58.49888","58.08312","59.25124","59.56398","61.19422","62.49471","62.81559","63.48687","64.08716","64.78863","65.05196","65.57706","",
"Trinidad and Tobago","TTO","Literacy rate, adult total (% of people ages 15 and above)","SE.ADT.LITR.ZS","","","","","","","","","","","","","","","","","","","","","94.97032","","","","","","","","","","96.93855","","","","","","","","","","97.9","","","","","","","","","","98.7","","","","","","","","","",
"Tunisia","TUN","Literacy rate, adult total (% of people ages 15 and above)","SE.ADT.LITR.ZS","","","","","","","","","","","","","","","","","","","","","","","","","48.1907","","","","","","","","","","","","","","","","","","","","74.297","","","77.1904","77.56113","","79.13058","79.65391","80.21875","","79.03643","","","","","",
"Turkey","TUR","Literacy rate, adult total (% of people ages 15 and above)","SE.ADT.LITR.ZS","","","","","","","","","","","","","","","","61.62768","","","","","65.69434","","","","","75.96824","","","","","79.23245","","","","","","","","","","","","","","87.36549","88.22906","88.11939","88.6559","","90.81672","92.6606","94.10609","94.91975","95.25666","95.43963","95.60142","96.16733","96.15053","","",
"Tuvalu","TUV","Literacy rate, adult total (% of people ages 15 and above)","SE.ADT.LITR.ZS","","","","","","","","","","","","","","","","","","","","","","","","","","","","","","","","","","","","","","","","","","","","","","","","","","","","","","","","","","","","",
"Tanzania","TZA","Literacy rate, adult total (% of people ages 15 and above)","SE.ADT.LITR.ZS","","","","","","","","","","","","","","","","","","","","","","","","","","","","","59.1138","","","","","","","","","","","","","","69.4309","","","","","","","","67.8007","","78.10059","","","77.88723","","","","",
"Uganda","UGA","Literacy rate, adult total (% of people ages 15 and above)","SE.ADT.LITR.ZS","","","","","","","","","","","","","","","","","","","","","","","","","","","","","","","","56.10738","","","","","","","","","","","68.14251","","","","71.37314","","","","73.21188","","70.19822","","","","","","76.5275","",
"Ukraine","UKR","Literacy rate, adult total (% of people ages 15 and above)","SE.ADT.LITR.ZS","","","","","","","","","","","","","","","","","","","","","","","","","","","","","","","","","","","","","","","","","","99.43041","","","","","","","","","","","99.97435","","","","","","","",
"Upper middle income","UMC","Literacy rate, adult total (% of people ages 15 and above)","SE.ADT.LITR.ZS","","","","","","","","","","","","","","","","","67.6372","67.82338","68.75827","69.66724","70.62486","71.51981","72.24263","73.37354","74.39875","75.28137","76.09759","76.88361","80.45012","81.05982","81.21285","82.24321","82.74024","83.22736","83.68836","84.1984","84.66629","89.25733","89.65334","89.99101","90.4433","90.64937","90.8555","91.41396","91.86766","92.20535","92.39195","93.34849","93.58744","93.83985","93.9115","94.23171","94.37705","94.41675","94.6637","94.83118","95.01176","95.02833","95.18383","",
"Uruguay","URY","Literacy rate, adult total (% of people ages 15 and above)","SE.ADT.LITR.ZS","","","","","","","","","","","","","","","","93.86107","","","","","","","","","","95.37998","","","","","","","","","","","96.78181","","","","","","","","","","97.78963","97.86389","98.16356","98.26723","98.07271","98.3359","98.39594","98.36387","98.43593","98.52387","98.56147","98.61572","98.70386","",
"United States","USA","Literacy rate, adult total (% of people ages 15 and above)","SE.ADT.LITR.ZS","","","","","","","","","","","","","","","","","","","","","","","","","","","","","","","","","","","","","","","","","","","","","","","","","","","","","","","","","","","","",
"Uzbekistan","UZB","Literacy rate, adult total (% of people ages 15 and above)","SE.ADT.LITR.ZS","","","","","","","","","","","","","","","","","","","","","","","","","","","","","","","","","","","","","","","","","98.64258","","","","","","","","","","","","","99.99486","99.98055","99.98383","99.98657","","99.99289","",
"St. Vincent and the Grenadines","VCT","Literacy rate, adult total (% of people ages 15 and above)","SE.ADT.LITR.ZS","","","","","","","","","","","95.63216","","","","","","","","","","","","","","","","","","","","","","","","","","","","","","","","","","","","","","","","","","","","","","","","","",
"Venezuela, RB","VEN","Literacy rate, adult total (% of people ages 15 and above)","SE.ADT.LITR.ZS","","","","","","","","","","","","","","","","","","","","","","84.7322","","","","","","","","","89.82525","","","","","","","","","","","92.97983","","","","","","95.15464","","95.51199","","94.77022","","","","96.60522","97.12709","","","",
"British Virgin Islands","VGB","Literacy rate, adult total (% of people ages 15 and above)","SE.ADT.LITR.ZS","","","","","","","","","","","","","","","","","","","","","","","","","","","","","","","","","","","","","","","","","","","","","","","","","","","","","","","","","","","","",
"Virgin Islands (U.S.)","VIR","Literacy rate, adult total (% of people ages 15 and above)","SE.ADT.LITR.ZS","","","","","","","","","","","","","","","","","","","","","","","","","","","","","","","","","","","","","","","","","","","","","","","","","","","","","","","","","","","","",
"Vietnam","VNM","Literacy rate, adult total (% of people ages 15 and above)","SE.ADT.LITR.ZS","","","","","","","","","","","","","","","","","","","","83.82594","","","","","","","","","","87.59645","","","","","","","","","","90.2783","90.15613","","","","","","","","","93.52045","","","","","","","","","95.00038","",
"Vanuatu","VUT","Literacy rate, adult total (% of people ages 15 and above)","SE.ADT.LITR.ZS","","","","","","","","","","","","","","","","","","","","52.87392","","","","","58.2","","","","","","","","","","68.7","","","","","74","","","","","78.4","","","","","","","","","","84.7","","","","87.50631","",
"World","WLD","Literacy rate, adult total (% of people ages 15 and above)","SE.ADT.LITR.ZS","","","","","","","","","","","","","","","","","65.19396","65.50241","66.11704","66.73041","67.13516","67.82748","68.46584","69.14501","69.80885","70.41401","70.98042","71.67884","73.49045","74.03584","74.37037","74.9117","75.33718","75.74469","76.14729","76.53679","76.95826","78.9946","80.20788","80.55516","80.77862","81.01632","81.41222","81.94162","82.4534","82.41015","82.41247","83.00002","83.4106","83.72041","84.1044","84.37161","84.72603","84.90292","85.28372","85.59638","85.89491","86.12593","86.30101","",
"Samoa","WSM","Literacy rate, adult total (% of people ages 15 and above)","SE.ADT.LITR.ZS","","","","","","","","","","","","","","","","","","","","","","","","","","","","","","","","97.94433","","","","","","","","","","","","","","","","","","","","98.97326","","","","","","","99.09577","",
"Kosovo","XKX","Literacy rate, adult total (% of people ages 15 and above)","SE.ADT.LITR.ZS","","","","","","","","","","","","","","","","","","","","","","","","","","","","","","","","","","","","","","","","","","","","","","","","","","","","","","","","","","","","",
"Yemen, Rep.","YEM","Literacy rate, adult total (% of people ages 15 and above)","SE.ADT.LITR.ZS","","","","","","","","","","","","","","","","","","","","","","","","","","","","","","","","","","","37.09","","","","","","","","","","54.1","","","","","","","","","","","","","","","",
"South Africa","ZAF","Literacy rate, adult total (% of people ages 15 and above)","SE.ADT.LITR.ZS","","","","","","","","","","","","","","","","","","","","","76.20049","","","","","","","","","","","","","","","","82.4021","","","","","","","","","","","88.71725","","92.89486","92.87732","93.10214","93.72947","","94.1399","94.36792","","87.04667","","",
"Zambia","ZMB","Literacy rate, adult total (% of people ages 15 and above)","SE.ADT.LITR.ZS","","","","","","","","","","","","","","","","","","","","","","","","","","","","","","","64.99826","","","","","","","","","68.00179","","","69.14922","","","","","61.42829","","","83.00767","","","","","","","","86.74796","",
"Zimbabwe","ZWE","Literacy rate, adult total (% of people ages 15 and above)","SE.ADT.LITR.ZS","","","","","","","","","","","","","","","","","","","","","","","77.79417","","","","","","","","","","83.51258","","","","","","","","","","","","","","","","","","","83.58271","","","88.69342","","","","","",
